State,Region,Division,Year,Median Household Income
United States,United States,United States,2014,53657
United States,United States,United States,2013,53585
United States,United States,United States,2012,51017
United States,United States,United States,2011,50054
United States,United States,United States,2010,49276
United States,United States,United States,2009,49777
United States,United States,United States,2008,50303
United States,United States,United States,2007,50233
United States,United States,United States,2006,48201
United States,United States,United States,2005,46326
United States,United States,United States,2004,44334
United States,United States,United States,2003,43318
United States,United States,United States,2002,42409
United States,United States,United States,2001,42228
United States,United States,United States,2000,41990
United States,United States,United States,1999,40696
United States,United States,United States,1998,38885
United States,United States,United States,1997,37005
United States,United States,United States,1996,35492
United States,United States,United States,1995,34076
United States,United States,United States,1994,32264
United States,United States,United States,1993,31241
United States,United States,United States,1992,30636
United States,United States,United States,1991,30126
United States,United States,United States,1990,29943
United States,United States,United States,1989,28906
United States,United States,United States,1988,27225
United States,United States,United States,1987,26061
United States,United States,United States,1986,24897
United States,United States,United States,1985,23618
United States,United States,United States,1984,22415
Alabama,South,East South Central,2014,42278
Alabama,South,East South Central,2013,47320
Alabama,South,East South Central,2012,43464
Alabama,South,East South Central,2011,42590
Alabama,South,East South Central,2010,40933
Alabama,South,East South Central,2009,39980
Alabama,South,East South Central,2008,44476
Alabama,South,East South Central,2007,42212
Alabama,South,East South Central,2006,37952
Alabama,South,East South Central,2005,37150
Alabama,South,East South Central,2004,36629
Alabama,South,East South Central,2003,37255
Alabama,South,East South Central,2002,37603
Alabama,South,East South Central,2001,35160
Alabama,South,East South Central,2000,35424
Alabama,South,East South Central,1999,36251
Alabama,South,East South Central,1998,36266
Alabama,South,East South Central,1997,31939
Alabama,South,East South Central,1996,30302
Alabama,South,East South Central,1995,25991
Alabama,South,East South Central,1994,27196
Alabama,South,East South Central,1993,25082
Alabama,South,East South Central,1992,25808
Alabama,South,East South Central,1991,24346
Alabama,South,East South Central,1990,23357
Alabama,South,East South Central,1989,21284
Alabama,South,East South Central,1988,19948
Alabama,South,East South Central,1987,19734
Alabama,South,East South Central,1986,19132
Alabama,South,East South Central,1985,18333
Alabama,South,East South Central,1984,17310
Alaska,West,Pacific,2014,67629
Alaska,West,Pacific,2013,72472
Alaska,West,Pacific,2012,63648
Alaska,West,Pacific,2011,57431
Alaska,West,Pacific,2010,57848
Alaska,West,Pacific,2009,61604
Alaska,West,Pacific,2008,63989
Alaska,West,Pacific,2007,62993
Alaska,West,Pacific,2006,56418
Alaska,West,Pacific,2005,55891
Alaska,West,Pacific,2004,55063
Alaska,West,Pacific,2003,51837
Alaska,West,Pacific,2002,52774
Alaska,West,Pacific,2001,57363
Alaska,West,Pacific,2000,52847
Alaska,West,Pacific,1999,51396
Alaska,West,Pacific,1998,50692
Alaska,West,Pacific,1997,47994
Alaska,West,Pacific,1996,52779
Alaska,West,Pacific,1995,47954
Alaska,West,Pacific,1994,45367
Alaska,West,Pacific,1993,42931
Alaska,West,Pacific,1992,41802
Alaska,West,Pacific,1991,40612
Alaska,West,Pacific,1990,39298
Alaska,West,Pacific,1989,36006
Alaska,West,Pacific,1988,33103
Alaska,West,Pacific,1987,33233
Alaska,West,Pacific,1986,31356
Alaska,West,Pacific,1985,34782
Alaska,West,Pacific,1984,32356
Arizona,West,Mountain,2014,49254
Arizona,West,Mountain,2013,52611
Arizona,West,Mountain,2012,47044
Arizona,West,Mountain,2011,48621
Arizona,West,Mountain,2010,46896
Arizona,West,Mountain,2009,45739
Arizona,West,Mountain,2008,46914
Arizona,West,Mountain,2007,47215
Arizona,West,Mountain,2006,46657
Arizona,West,Mountain,2005,45245
Arizona,West,Mountain,2004,43846
Arizona,West,Mountain,2003,41166
Arizona,West,Mountain,2002,39734
Arizona,West,Mountain,2001,42704
Arizona,West,Mountain,2000,39783
Arizona,West,Mountain,1999,36995
Arizona,West,Mountain,1998,37090
Arizona,West,Mountain,1997,32740
Arizona,West,Mountain,1996,31637
Arizona,West,Mountain,1995,30863
Arizona,West,Mountain,1994,31293
Arizona,West,Mountain,1993,30510
Arizona,West,Mountain,1992,29358
Arizona,West,Mountain,1991,30737
Arizona,West,Mountain,1990,29224
Arizona,West,Mountain,1989,28552
Arizona,West,Mountain,1988,26435
Arizona,West,Mountain,1987,26749
Arizona,West,Mountain,1986,25500
Arizona,West,Mountain,1985,23877
Arizona,West,Mountain,1984,21425
Arkansas,South,West South Central,2014,44922
Arkansas,South,West South Central,2013,39376
Arkansas,South,West South Central,2012,39018
Arkansas,South,West South Central,2011,41302
Arkansas,South,West South Central,2010,38587
Arkansas,South,West South Central,2009,36538
Arkansas,South,West South Central,2008,39586
Arkansas,South,West South Central,2007,40795
Arkansas,South,West South Central,2006,37057
Arkansas,South,West South Central,2005,36658
Arkansas,South,West South Central,2004,34984
Arkansas,South,West South Central,2003,32002
Arkansas,South,West South Central,2002,32387
Arkansas,South,West South Central,2001,33339
Arkansas,South,West South Central,2000,29697
Arkansas,South,West South Central,1999,29682
Arkansas,South,West South Central,1998,27665
Arkansas,South,West South Central,1997,26162
Arkansas,South,West South Central,1996,27123
Arkansas,South,West South Central,1995,25814
Arkansas,South,West South Central,1994,25565
Arkansas,South,West South Central,1993,23039
Arkansas,South,West South Central,1992,23882
Arkansas,South,West South Central,1991,23435
Arkansas,South,West South Central,1990,22786
Arkansas,South,West South Central,1989,21433
Arkansas,South,West South Central,1988,20172
Arkansas,South,West South Central,1987,18827
Arkansas,South,West South Central,1986,18730
Arkansas,South,West South Central,1985,17451
Arkansas,South,West South Central,1984,15674
California,West,Pacific,2014,60487
California,West,Pacific,2013,60794
California,West,Pacific,2012,57020
California,West,Pacific,2011,53367
California,West,Pacific,2010,54283
California,West,Pacific,2009,56134
California,West,Pacific,2008,57014
California,West,Pacific,2007,55734
California,West,Pacific,2006,55319
California,West,Pacific,2005,51755
California,West,Pacific,2004,49222
California,West,Pacific,2003,49300
California,West,Pacific,2002,47437
California,West,Pacific,2001,47262
California,West,Pacific,2000,46816
California,West,Pacific,1999,43629
California,West,Pacific,1998,40934
California,West,Pacific,1997,39694
California,West,Pacific,1996,38812
California,West,Pacific,1995,37009
California,West,Pacific,1994,35331
California,West,Pacific,1993,34073
California,West,Pacific,1992,34903
California,West,Pacific,1991,33664
California,West,Pacific,1990,33290
California,West,Pacific,1989,33009
California,West,Pacific,1988,30287
California,West,Pacific,1987,30146
California,West,Pacific,1986,29010
California,West,Pacific,1985,26981
California,West,Pacific,1984,25287
Colorado,West,Mountain,2014,60940
Colorado,West,Mountain,2013,67912
Colorado,West,Mountain,2012,57255
Colorado,West,Mountain,2011,58629
Colorado,West,Mountain,2010,60233
Colorado,West,Mountain,2009,55930
Colorado,West,Mountain,2008,60943
Colorado,West,Mountain,2007,61141
Colorado,West,Mountain,2006,55697
Colorado,West,Mountain,2005,50449
Colorado,West,Mountain,2004,50886
Colorado,West,Mountain,2003,49940
Colorado,West,Mountain,2002,48294
Colorado,West,Mountain,2001,49397
Colorado,West,Mountain,2000,48240
Colorado,West,Mountain,1999,48177
Colorado,West,Mountain,1998,46599
Colorado,West,Mountain,1997,43233
Colorado,West,Mountain,1996,40950
Colorado,West,Mountain,1995,40706
Colorado,West,Mountain,1994,37833
Colorado,West,Mountain,1993,34488
Colorado,West,Mountain,1992,32484
Colorado,West,Mountain,1991,31499
Colorado,West,Mountain,1990,30733
Colorado,West,Mountain,1989,26806
Colorado,West,Mountain,1988,26214
Colorado,West,Mountain,1987,26476
Colorado,West,Mountain,1986,27192
Colorado,West,Mountain,1985,28182
Colorado,West,Mountain,1984,25801
Connecticut,Northeast,New England,2014,70161
Connecticut,Northeast,New England,2013,69291
Connecticut,Northeast,New England,2012,64247
Connecticut,Northeast,New England,2011,65415
Connecticut,Northeast,New England,2010,65998
Connecticut,Northeast,New England,2009,64851
Connecticut,Northeast,New England,2008,64682
Connecticut,Northeast,New England,2007,64141
Connecticut,Northeast,New England,2006,62404
Connecticut,Northeast,New England,2005,56835
Connecticut,Northeast,New England,2004,55100
Connecticut,Northeast,New England,2003,54965
Connecticut,Northeast,New England,2002,53387
Connecticut,Northeast,New England,2001,53347
Connecticut,Northeast,New England,2000,50172
Connecticut,Northeast,New England,1999,50593
Connecticut,Northeast,New England,1998,46508
Connecticut,Northeast,New England,1997,43985
Connecticut,Northeast,New England,1996,42119
Connecticut,Northeast,New England,1995,40243
Connecticut,Northeast,New England,1994,41097
Connecticut,Northeast,New England,1993,39516
Connecticut,Northeast,New England,1992,40841
Connecticut,Northeast,New England,1991,42154
Connecticut,Northeast,New England,1990,38870
Connecticut,Northeast,New England,1989,42321
Connecticut,Northeast,New England,1988,36213
Connecticut,Northeast,New England,1987,32862
Connecticut,Northeast,New England,1986,32721
Connecticut,Northeast,New England,1985,31090
Connecticut,Northeast,New England,1984,29951
Delaware,South,South Atlantic,2014,57522
Delaware,South,South Atlantic,2013,54091
Delaware,South,South Atlantic,2012,48972
Delaware,South,South Atlantic,2011,54660
Delaware,South,South Atlantic,2010,55214
Delaware,South,South Atlantic,2009,52114
Delaware,South,South Atlantic,2008,50702
Delaware,South,South Atlantic,2007,54589
Delaware,South,South Atlantic,2006,52438
Delaware,South,South Atlantic,2005,51235
Delaware,South,South Atlantic,2004,48049
Delaware,South,South Atlantic,2003,49019
Delaware,South,South Atlantic,2002,49650
Delaware,South,South Atlantic,2001,49602
Delaware,South,South Atlantic,2000,50365
Delaware,South,South Atlantic,1999,46628
Delaware,South,South Atlantic,1998,41458
Delaware,South,South Atlantic,1997,43033
Delaware,South,South Atlantic,1996,39309
Delaware,South,South Atlantic,1995,34928
Delaware,South,South Atlantic,1994,35873
Delaware,South,South Atlantic,1993,36064
Delaware,South,South Atlantic,1992,35678
Delaware,South,South Atlantic,1991,32585
Delaware,South,South Atlantic,1990,30804
Delaware,South,South Atlantic,1989,32068
Delaware,South,South Atlantic,1988,30505
Delaware,South,South Atlantic,1987,29244
Delaware,South,South Atlantic,1986,25626
Delaware,South,South Atlantic,1985,22980
Delaware,South,South Atlantic,1984,25819
District of Columbia,South,South Atlantic,2014,68277
District of Columbia,South,South Atlantic,2013,60057
District of Columbia,South,South Atlantic,2012,65246
District of Columbia,South,South Atlantic,2011,55251
District of Columbia,South,South Atlantic,2010,56928
District of Columbia,South,South Atlantic,2009,53141
District of Columbia,South,South Atlantic,2008,55590
District of Columbia,South,South Atlantic,2007,50783
District of Columbia,South,South Atlantic,2006,48477
District of Columbia,South,South Atlantic,2005,44993
District of Columbia,South,South Atlantic,2004,43451
District of Columbia,South,South Atlantic,2003,45044
District of Columbia,South,South Atlantic,2002,39070
District of Columbia,South,South Atlantic,2001,41169
District of Columbia,South,South Atlantic,2000,41222
District of Columbia,South,South Atlantic,1999,38670
District of Columbia,South,South Atlantic,1998,33433
District of Columbia,South,South Atlantic,1997,31860
District of Columbia,South,South Atlantic,1996,31966
District of Columbia,South,South Atlantic,1995,30748
District of Columbia,South,South Atlantic,1994,30116
District of Columbia,South,South Atlantic,1993,27304
District of Columbia,South,South Atlantic,1992,30247
District of Columbia,South,South Atlantic,1991,29885
District of Columbia,South,South Atlantic,1990,27392
District of Columbia,South,South Atlantic,1989,26752
District of Columbia,South,South Atlantic,1988,26741
District of Columbia,South,South Atlantic,1987,27455
District of Columbia,South,South Atlantic,1986,24322
District of Columbia,South,South Atlantic,1985,21076
District of Columbia,South,South Atlantic,1984,20408
Florida,South,South Atlantic,2014,46140
Florida,South,South Atlantic,2013,48532
Florida,South,South Atlantic,2012,46071
Florida,South,South Atlantic,2011,45105
Florida,South,South Atlantic,2010,44066
Florida,South,South Atlantic,2009,45631
Florida,South,South Atlantic,2008,44857
Florida,South,South Atlantic,2007,45794
Florida,South,South Atlantic,2006,45676
Florida,South,South Atlantic,2005,42990
Florida,South,South Atlantic,2004,40535
Florida,South,South Atlantic,2003,38972
Florida,South,South Atlantic,2002,38024
Florida,South,South Atlantic,2001,36421
Florida,South,South Atlantic,2000,38856
Florida,South,South Atlantic,1999,35831
Florida,South,South Atlantic,1998,34909
Florida,South,South Atlantic,1997,32455
Florida,South,South Atlantic,1996,30641
Florida,South,South Atlantic,1995,29745
Florida,South,South Atlantic,1994,29294
Florida,South,South Atlantic,1993,28550
Florida,South,South Atlantic,1992,27349
Florida,South,South Atlantic,1991,27252
Florida,South,South Atlantic,1990,26685
Florida,South,South Atlantic,1989,26085
Florida,South,South Atlantic,1988,25406
Florida,South,South Atlantic,1987,24489
Florida,South,South Atlantic,1986,22849
Florida,South,South Atlantic,1985,21343
Florida,South,South Atlantic,1984,19785
Georgia,South,South Atlantic,2014,49555
Georgia,South,South Atlantic,2013,46992
Georgia,South,South Atlantic,2012,48121
Georgia,South,South Atlantic,2011,45973
Georgia,South,South Atlantic,2010,44117
Georgia,South,South Atlantic,2009,43340
Georgia,South,South Atlantic,2008,46227
Georgia,South,South Atlantic,2007,48641
Georgia,South,South Atlantic,2006,49344
Georgia,South,South Atlantic,2005,45926
Georgia,South,South Atlantic,2004,40984
Georgia,South,South Atlantic,2003,42438
Georgia,South,South Atlantic,2002,42939
Georgia,South,South Atlantic,2001,42576
Georgia,South,South Atlantic,2000,41901
Georgia,South,South Atlantic,1999,39425
Georgia,South,South Atlantic,1998,38665
Georgia,South,South Atlantic,1997,36663
Georgia,South,South Atlantic,1996,32496
Georgia,South,South Atlantic,1995,34099
Georgia,South,South Atlantic,1994,31467
Georgia,South,South Atlantic,1993,31663
Georgia,South,South Atlantic,1992,28797
Georgia,South,South Atlantic,1991,27212
Georgia,South,South Atlantic,1990,27561
Georgia,South,South Atlantic,1989,27542
Georgia,South,South Atlantic,1988,26566
Georgia,South,South Atlantic,1987,26714
Georgia,South,South Atlantic,1986,24370
Georgia,South,South Atlantic,1985,21049
Georgia,South,South Atlantic,1984,19984
Hawaii,West,Pacific,2014,71223
Hawaii,West,Pacific,2013,64235
Hawaii,West,Pacific,2012,56263
Hawaii,West,Pacific,2011,59047
Hawaii,West,Pacific,2010,59539
Hawaii,West,Pacific,2009,55649
Hawaii,West,Pacific,2008,61521
Hawaii,West,Pacific,2007,64022
Hawaii,West,Pacific,2006,60470
Hawaii,West,Pacific,2005,59586
Hawaii,West,Pacific,2004,56242
Hawaii,West,Pacific,2003,51834
Hawaii,West,Pacific,2002,47303
Hawaii,West,Pacific,2001,47439
Hawaii,West,Pacific,2000,51546
Hawaii,West,Pacific,1999,44504
Hawaii,West,Pacific,1998,40827
Hawaii,West,Pacific,1997,40934
Hawaii,West,Pacific,1996,41772
Hawaii,West,Pacific,1995,42851
Hawaii,West,Pacific,1994,42255
Hawaii,West,Pacific,1993,42662
Hawaii,West,Pacific,1992,42113
Hawaii,West,Pacific,1991,37246
Hawaii,West,Pacific,1990,38921
Hawaii,West,Pacific,1989,35035
Hawaii,West,Pacific,1988,33024
Hawaii,West,Pacific,1987,35022
Hawaii,West,Pacific,1986,29003
Hawaii,West,Pacific,1985,28961
Hawaii,West,Pacific,1984,28877
Idaho,West,Mountain,2014,53438
Idaho,West,Mountain,2013,48467
Idaho,West,Mountain,2012,47922
Idaho,West,Mountain,2011,47459
Idaho,West,Mountain,2010,47050
Idaho,West,Mountain,2009,46778
Idaho,West,Mountain,2008,47420
Idaho,West,Mountain,2007,49184
Idaho,West,Mountain,2006,46213
Idaho,West,Mountain,2005,44176
Idaho,West,Mountain,2004,44358
Idaho,West,Mountain,2003,42372
Idaho,West,Mountain,2002,37715
Idaho,West,Mountain,2001,38241
Idaho,West,Mountain,2000,37611
Idaho,West,Mountain,1999,35800
Idaho,West,Mountain,1998,36680
Idaho,West,Mountain,1997,33404
Idaho,West,Mountain,1996,34709
Idaho,West,Mountain,1995,32676
Idaho,West,Mountain,1994,31536
Idaho,West,Mountain,1993,31010
Idaho,West,Mountain,1992,27704
Idaho,West,Mountain,1991,26116
Idaho,West,Mountain,1990,25305
Idaho,West,Mountain,1989,24654
Idaho,West,Mountain,1988,23450
Idaho,West,Mountain,1987,20755
Idaho,West,Mountain,1986,20749
Idaho,West,Mountain,1985,20761
Idaho,West,Mountain,1984,21092
Illinois,Midwest, East North Central,2014,54916
Illinois,Midwest, East North Central,2013,53937
Illinois,Midwest, East North Central,2012,51738
Illinois,Midwest, East North Central,2011,50637
Illinois,Midwest, East North Central,2010,50728
Illinois,Midwest, East North Central,2009,52870
Illinois,Midwest, East North Central,2008,53254
Illinois,Midwest, East North Central,2007,52506
Illinois,Midwest, East North Central,2006,48671
Illinois,Midwest, East North Central,2005,48398
Illinois,Midwest, East North Central,2004,46077
Illinois,Midwest, East North Central,2003,45153
Illinois,Midwest, East North Central,2002,42710
Illinois,Midwest, East North Central,2001,46171
Illinois,Midwest, East North Central,2000,46064
Illinois,Midwest, East North Central,1999,46330
Illinois,Midwest, East North Central,1998,43178
Illinois,Midwest, East North Central,1997,41283
Illinois,Midwest, East North Central,1996,39554
Illinois,Midwest, East North Central,1995,38071
Illinois,Midwest, East North Central,1994,35081
Illinois,Midwest, East North Central,1993,32857
Illinois,Midwest, East North Central,1992,31551
Illinois,Midwest, East North Central,1991,31884
Illinois,Midwest, East North Central,1990,32542
Illinois,Midwest, East North Central,1989,31300
Illinois,Midwest, East North Central,1988,29524
Illinois,Midwest, East North Central,1987,27084
Illinois,Midwest, East North Central,1986,26511
Illinois,Midwest, East North Central,1985,24870
Illinois,Midwest, East North Central,1984,23752
Indiana,Midwest, East North Central,2014,48060
Indiana,Midwest, East North Central,2013,49455
Indiana,Midwest, East North Central,2012,46158
Indiana,Midwest, East North Central,2011,44445
Indiana,Midwest, East North Central,2010,46139
Indiana,Midwest, East North Central,2009,44305
Indiana,Midwest, East North Central,2008,46520
Indiana,Midwest, East North Central,2007,47453
Indiana,Midwest, East North Central,2006,45407
Indiana,Midwest, East North Central,2005,42437
Indiana,Midwest, East North Central,2004,42329
Indiana,Midwest, East North Central,2003,42425
Indiana,Midwest, East North Central,2002,41047
Indiana,Midwest, East North Central,2001,40379
Indiana,Midwest, East North Central,2000,40865
Indiana,Midwest, East North Central,1999,40838
Indiana,Midwest, East North Central,1998,39731
Indiana,Midwest, East North Central,1997,38889
Indiana,Midwest, East North Central,1996,35147
Indiana,Midwest, East North Central,1995,33385
Indiana,Midwest, East North Central,1994,27858
Indiana,Midwest, East North Central,1993,29475
Indiana,Midwest, East North Central,1992,28530
Indiana,Midwest, East North Central,1991,27089
Indiana,Midwest, East North Central,1990,26928
Indiana,Midwest, East North Central,1989,25898
Indiana,Midwest, East North Central,1988,26293
Indiana,Midwest, East North Central,1987,22519
Indiana,Midwest, East North Central,1986,22728
Indiana,Midwest, East North Central,1985,22675
Indiana,Midwest, East North Central,1984,22770
Iowa,Midwest,West North Central,2014,57810
Iowa,Midwest,West North Central,2013,60156
Iowa,Midwest,West North Central,2012,53442
Iowa,Midwest,West North Central,2011,50219
Iowa,Midwest,West North Central,2010,49016
Iowa,Midwest,West North Central,2009,50721
Iowa,Midwest,West North Central,2008,50142
Iowa,Midwest,West North Central,2007,48908
Iowa,Midwest,West North Central,2006,48126
Iowa,Midwest,West North Central,2005,46500
Iowa,Midwest,West North Central,2004,43391
Iowa,Midwest,West North Central,2003,41384
Iowa,Midwest,West North Central,2002,41049
Iowa,Midwest,West North Central,2001,40976
Iowa,Midwest,West North Central,2000,40991
Iowa,Midwest,West North Central,1999,41098
Iowa,Midwest,West North Central,1998,37019
Iowa,Midwest,West North Central,1997,33783
Iowa,Midwest,West North Central,1996,33209
Iowa,Midwest,West North Central,1995,35519
Iowa,Midwest,West North Central,1994,33079
Iowa,Midwest,West North Central,1993,28663
Iowa,Midwest,West North Central,1992,28743
Iowa,Midwest,West North Central,1991,28553
Iowa,Midwest,West North Central,1990,27288
Iowa,Midwest,West North Central,1989,26265
Iowa,Midwest,West North Central,1988,24305
Iowa,Midwest,West North Central,1987,22190
Iowa,Midwest,West North Central,1986,22459
Iowa,Midwest,West North Central,1985,20927
Iowa,Midwest,West North Central,1984,19863
Kansas,Midwest,West North Central,2014,53444
Kansas,Midwest,West North Central,2013,47820
Kansas,Midwest,West North Central,2012,50003
Kansas,Midwest,West North Central,2011,46147
Kansas,Midwest,West North Central,2010,46054
Kansas,Midwest,West North Central,2009,44717
Kansas,Midwest,West North Central,2008,47877
Kansas,Midwest,West North Central,2007,48497
Kansas,Midwest,West North Central,2006,45552
Kansas,Midwest,West North Central,2005,42027
Kansas,Midwest,West North Central,2004,41066
Kansas,Midwest,West North Central,2003,44232
Kansas,Midwest,West North Central,2002,42619
Kansas,Midwest,West North Central,2001,41415
Kansas,Midwest,West North Central,2000,41059
Kansas,Midwest,West North Central,1999,37348
Kansas,Midwest,West North Central,1998,36711
Kansas,Midwest,West North Central,1997,36471
Kansas,Midwest,West North Central,1996,32585
Kansas,Midwest,West North Central,1995,30341
Kansas,Midwest,West North Central,1994,28322
Kansas,Midwest,West North Central,1993,29770
Kansas,Midwest,West North Central,1992,30346
Kansas,Midwest,West North Central,1991,29295
Kansas,Midwest,West North Central,1990,29917
Kansas,Midwest,West North Central,1989,26862
Kansas,Midwest,West North Central,1988,25566
Kansas,Midwest,West North Central,1987,25583
Kansas,Midwest,West North Central,1986,23926
Kansas,Midwest,West North Central,1985,22788
Kansas,Midwest,West North Central,1984,24629
Kentucky,South,East South Central,2014,42786
Kentucky,South,East South Central,2013,44879
Kentucky,South,East South Central,2012,41086
Kentucky,South,East South Central,2011,39856
Kentucky,South,East South Central,2010,41104
Kentucky,South,East South Central,2009,42664
Kentucky,South,East South Central,2008,41148
Kentucky,South,East South Central,2007,39452
Kentucky,South,East South Central,2006,39485
Kentucky,South,East South Central,2005,36699
Kentucky,South,East South Central,2004,35610
Kentucky,South,East South Central,2003,36936
Kentucky,South,East South Central,2002,36762
Kentucky,South,East South Central,2001,38437
Kentucky,South,East South Central,2000,36265
Kentucky,South,East South Central,1999,33738
Kentucky,South,East South Central,1998,36252
Kentucky,South,East South Central,1997,33452
Kentucky,South,East South Central,1996,32413
Kentucky,South,East South Central,1995,29810
Kentucky,South,East South Central,1994,26595
Kentucky,South,East South Central,1993,24376
Kentucky,South,East South Central,1992,23485
Kentucky,South,East South Central,1991,23764
Kentucky,South,East South Central,1990,24780
Kentucky,South,East South Central,1989,23283
Kentucky,South,East South Central,1988,19907
Kentucky,South,East South Central,1987,20673
Kentucky,South,East South Central,1986,19874
Kentucky,South,East South Central,1985,17361
Kentucky,South,East South Central,1984,17680
Louisiana,South,West South Central,2014,42406
Louisiana,South,West South Central,2013,46425
Louisiana,South,West South Central,2012,39085
Louisiana,South,West South Central,2011,40658
Louisiana,South,West South Central,2010,39300
Louisiana,South,West South Central,2009,45433
Louisiana,South,West South Central,2008,39563
Louisiana,South,West South Central,2007,41313
Louisiana,South,West South Central,2006,36488
Louisiana,South,West South Central,2005,37236
Louisiana,South,West South Central,2004,36429
Louisiana,South,West South Central,2003,33507
Louisiana,South,West South Central,2002,34008
Louisiana,South,West South Central,2001,33322
Louisiana,South,West South Central,2000,30718
Louisiana,South,West South Central,1999,32654
Louisiana,South,West South Central,1998,31735
Louisiana,South,West South Central,1997,33260
Louisiana,South,West South Central,1996,30262
Louisiana,South,West South Central,1995,27949
Louisiana,South,West South Central,1994,25676
Louisiana,South,West South Central,1993,26312
Louisiana,South,West South Central,1992,25439
Louisiana,South,West South Central,1991,25299
Louisiana,South,West South Central,1990,22405
Louisiana,South,West South Central,1989,22861
Louisiana,South,West South Central,1988,20497
Louisiana,South,West South Central,1987,21349
Louisiana,South,West South Central,1986,20890
Louisiana,South,West South Central,1985,21179
Louisiana,South,West South Central,1984,18949
Maine,Northeast,New England,2014,51710
Maine,Northeast,New England,2013,54957
Maine,Northeast,New England,2012,49158
Maine,Northeast,New England,2011,49693
Maine,Northeast,New England,2010,47931
Maine,Northeast,New England,2009,47502
Maine,Northeast,New England,2008,47228
Maine,Northeast,New England,2007,47894
Maine,Northeast,New England,2006,45642
Maine,Northeast,New England,2005,43923
Maine,Northeast,New England,2004,41329
Maine,Northeast,New England,2003,37113
Maine,Northeast,New England,2002,36853
Maine,Northeast,New England,2001,36612
Maine,Northeast,New England,2000,37266
Maine,Northeast,New England,1999,38862
Maine,Northeast,New England,1998,35640
Maine,Northeast,New England,1997,32772
Maine,Northeast,New England,1996,34696
Maine,Northeast,New England,1995,33858
Maine,Northeast,New England,1994,30316
Maine,Northeast,New England,1993,27438
Maine,Northeast,New England,1992,29617
Maine,Northeast,New England,1991,27868
Maine,Northeast,New England,1990,27464
Maine,Northeast,New England,1989,28221
Maine,Northeast,New England,1988,26402
Maine,Northeast,New England,1987,23600
Maine,Northeast,New England,1986,23424
Maine,Northeast,New England,1985,20519
Maine,Northeast,New England,1984,20648
Maryland,South,South Atlantic,2014,76165
Maryland,South,South Atlantic,2013,69353
Maryland,South,South Atlantic,2012,71836
Maryland,South,South Atlantic,2011,68876
Maryland,South,South Atlantic,2010,64201
Maryland,South,South Atlantic,2009,64186
Maryland,South,South Atlantic,2008,63711
Maryland,South,South Atlantic,2007,65630
Maryland,South,South Atlantic,2006,63668
Maryland,South,South Atlantic,2005,60512
Maryland,South,South Atlantic,2004,57103
Maryland,South,South Atlantic,2003,52314
Maryland,South,South Atlantic,2002,56407
Maryland,South,South Atlantic,2001,53530
Maryland,South,South Atlantic,2000,54535
Maryland,South,South Atlantic,1999,52205
Maryland,South,South Atlantic,1998,50016
Maryland,South,South Atlantic,1997,46685
Maryland,South,South Atlantic,1996,43993
Maryland,South,South Atlantic,1995,41041
Maryland,South,South Atlantic,1994,39198
Maryland,South,South Atlantic,1993,39939
Maryland,South,South Atlantic,1992,37203
Maryland,South,South Atlantic,1991,36952
Maryland,South,South Atlantic,1990,38857
Maryland,South,South Atlantic,1989,36016
Maryland,South,South Atlantic,1988,36552
Maryland,South,South Atlantic,1987,34970
Maryland,South,South Atlantic,1986,30604
Maryland,South,South Atlantic,1985,30136
Maryland,South,South Atlantic,1984,29708
Massachusetts,Northeast,New England,2014,63151
Massachusetts,Northeast,New England,2013,62529
Massachusetts,Northeast,New England,2012,63656
Massachusetts,Northeast,New England,2011,63313
Massachusetts,Northeast,New England,2010,60934
Massachusetts,Northeast,New England,2009,59373
Massachusetts,Northeast,New England,2008,60320
Massachusetts,Northeast,New England,2007,58463
Massachusetts,Northeast,New England,2006,55330
Massachusetts,Northeast,New England,2005,56017
Massachusetts,Northeast,New England,2004,52019
Massachusetts,Northeast,New England,2003,50955
Massachusetts,Northeast,New England,2002,49855
Massachusetts,Northeast,New England,2001,52253
Massachusetts,Northeast,New England,2000,46753
Massachusetts,Northeast,New England,1999,44005
Massachusetts,Northeast,New England,1998,42345
Massachusetts,Northeast,New England,1997,42023
Massachusetts,Northeast,New England,1996,39494
Massachusetts,Northeast,New England,1995,38574
Massachusetts,Northeast,New England,1994,40500
Massachusetts,Northeast,New England,1993,37064
Massachusetts,Northeast,New England,1992,36359
Massachusetts,Northeast,New England,1991,35714
Massachusetts,Northeast,New England,1990,36247
Massachusetts,Northeast,New England,1989,36086
Massachusetts,Northeast,New England,1988,33213
Massachusetts,Northeast,New England,1987,32241
Massachusetts,Northeast,New England,1986,30339
Massachusetts,Northeast,New England,1985,28207
Massachusetts,Northeast,New England,1984,26959
Michigan,Midwest, East North Central,2014,52005
Michigan,Midwest, East North Central,2013,56567
Michigan,Midwest, East North Central,2012,50015
Michigan,Midwest, East North Central,2011,48879
Michigan,Midwest, East North Central,2010,46276
Michigan,Midwest, East North Central,2009,45994
Michigan,Midwest, East North Central,2008,49788
Michigan,Midwest, East North Central,2007,49370
Michigan,Midwest, East North Central,2006,48647
Michigan,Midwest, East North Central,2005,45933
Michigan,Midwest, East North Central,2004,42256
Michigan,Midwest, East North Central,2003,45022
Michigan,Midwest, East North Central,2002,42715
Michigan,Midwest, East North Central,2001,45047
Michigan,Midwest, East North Central,2000,45512
Michigan,Midwest, East North Central,1999,46089
Michigan,Midwest, East North Central,1998,41821
Michigan,Midwest, East North Central,1997,38742
Michigan,Midwest, East North Central,1996,39225
Michigan,Midwest, East North Central,1995,36426
Michigan,Midwest, East North Central,1994,35284
Michigan,Midwest, East North Central,1993,32662
Michigan,Midwest, East North Central,1992,32267
Michigan,Midwest, East North Central,1991,32117
Michigan,Midwest, East North Central,1990,29937
Michigan,Midwest, East North Central,1989,30775
Michigan,Midwest, East North Central,1988,29472
Michigan,Midwest, East North Central,1987,27702
Michigan,Midwest, East North Central,1986,26605
Michigan,Midwest, East North Central,1985,24242
Michigan,Midwest, East North Central,1984,22965
Minnesota,Midwest,West North Central,2014,67244
Minnesota,Midwest,West North Central,2013,64324
Minnesota,Midwest,West North Central,2012,61795
Minnesota,Midwest,West North Central,2011,57820
Minnesota,Midwest,West North Central,2010,52321
Minnesota,Midwest,West North Central,2009,56090
Minnesota,Midwest,West North Central,2008,54925
Minnesota,Midwest,West North Central,2007,58058
Minnesota,Midwest,West North Central,2006,56211
Minnesota,Midwest,West North Central,2005,54215
Minnesota,Midwest,West North Central,2004,56104
Minnesota,Midwest,West North Central,2003,52823
Minnesota,Midwest,West North Central,2002,54622
Minnesota,Midwest,West North Central,2001,52681
Minnesota,Midwest,West North Central,2000,54251
Minnesota,Midwest,West North Central,1999,47038
Minnesota,Midwest,West North Central,1998,47926
Minnesota,Midwest,West North Central,1997,42564
Minnesota,Midwest,West North Central,1996,40991
Minnesota,Midwest,West North Central,1995,37933
Minnesota,Midwest,West North Central,1994,33644
Minnesota,Midwest,West North Central,1993,33682
Minnesota,Midwest,West North Central,1992,30981
Minnesota,Midwest,West North Central,1991,29479
Minnesota,Midwest,West North Central,1990,31465
Minnesota,Midwest,West North Central,1989,30185
Minnesota,Midwest,West North Central,1988,29087
Minnesota,Midwest,West North Central,1987,28082
Minnesota,Midwest,West North Central,1986,26443
Minnesota,Midwest,West North Central,1985,23856
Minnesota,Midwest,West North Central,1984,24436
Mississippi,South,East South Central,2014,35521
Mississippi,South,East South Central,2013,32338
Mississippi,South,East South Central,2012,36641
Mississippi,South,East South Central,2011,41090
Mississippi,South,East South Central,2010,38160
Mississippi,South,East South Central,2009,35078
Mississippi,South,East South Central,2008,36446
Mississippi,South,East South Central,2007,37279
Mississippi,South,East South Central,2006,34733
Mississippi,South,East South Central,2005,32875
Mississippi,South,East South Central,2004,34755
Mississippi,South,East South Central,2003,32728
Mississippi,South,East South Central,2002,30882
Mississippi,South,East South Central,2001,30161
Mississippi,South,East South Central,2000,34299
Mississippi,South,East South Central,1999,32478
Mississippi,South,East South Central,1998,29120
Mississippi,South,East South Central,1997,28499
Mississippi,South,East South Central,1996,26677
Mississippi,South,East South Central,1995,26538
Mississippi,South,East South Central,1994,25400
Mississippi,South,East South Central,1993,22191
Mississippi,South,East South Central,1992,20570
Mississippi,South,East South Central,1991,19475
Mississippi,South,East South Central,1990,20178
Mississippi,South,East South Central,1989,19917
Mississippi,South,East South Central,1988,18166
Mississippi,South,East South Central,1987,18513
Mississippi,South,East South Central,1986,16513
Mississippi,South,East South Central,1985,16413
Mississippi,South,East South Central,1984,15430
Missouri,Midwest,West North Central,2014,56630
Missouri,Midwest,West North Central,2013,46303
Missouri,Midwest,West North Central,2012,49764
Missouri,Midwest,West North Central,2011,45774
Missouri,Midwest,West North Central,2010,45817
Missouri,Midwest,West North Central,2009,48769
Missouri,Midwest,West North Central,2008,46038
Missouri,Midwest,West North Central,2007,46005
Missouri,Midwest,West North Central,2006,44579
Missouri,Midwest,West North Central,2005,42986
Missouri,Midwest,West North Central,2004,42137
Missouri,Midwest,West North Central,2003,43762
Missouri,Midwest,West North Central,2002,42776
Missouri,Midwest,West North Central,2001,41339
Missouri,Midwest,West North Central,2000,45097
Missouri,Midwest,West North Central,1999,41383
Missouri,Midwest,West North Central,1998,40201
Missouri,Midwest,West North Central,1997,36553
Missouri,Midwest,West North Central,1996,34265
Missouri,Midwest,West North Central,1995,34825
Missouri,Midwest,West North Central,1994,30190
Missouri,Midwest,West North Central,1993,28682
Missouri,Midwest,West North Central,1992,27361
Missouri,Midwest,West North Central,1991,27926
Missouri,Midwest,West North Central,1990,27332
Missouri,Midwest,West North Central,1989,26497
Missouri,Midwest,West North Central,1988,23443
Missouri,Midwest,West North Central,1987,23720
Missouri,Midwest,West North Central,1986,21925
Missouri,Midwest,West North Central,1985,21939
Missouri,Midwest,West North Central,1984,20775
Montana,West,Mountain,2014,51102
Montana,West,Mountain,2013,43201
Montana,West,Mountain,2012,45088
Montana,West,Mountain,2011,40277
Montana,West,Mountain,2010,41280
Montana,West,Mountain,2009,40437
Montana,West,Mountain,2008,42900
Montana,West,Mountain,2007,43655
Montana,West,Mountain,2006,41105
Montana,West,Mountain,2005,37313
Montana,West,Mountain,2004,33956
Montana,West,Mountain,2003,34108
Montana,West,Mountain,2002,34835
Montana,West,Mountain,2001,32126
Montana,West,Mountain,2000,32777
Montana,West,Mountain,1999,31038
Montana,West,Mountain,1998,31577
Montana,West,Mountain,1997,29212
Montana,West,Mountain,1996,28684
Montana,West,Mountain,1995,27757
Montana,West,Mountain,1994,27631
Montana,West,Mountain,1993,26470
Montana,West,Mountain,1992,26525
Montana,West,Mountain,1991,24827
Montana,West,Mountain,1990,23375
Montana,West,Mountain,1989,23692
Montana,West,Mountain,1988,22231
Montana,West,Mountain,1987,20474
Montana,West,Mountain,1986,20328
Montana,West,Mountain,1985,20236
Montana,West,Mountain,1984,19536
Nebraska,Midwest,West North Central,2014,56870
Nebraska,Midwest,West North Central,2013,57623
Nebraska,Midwest,West North Central,2012,52196
Nebraska,Midwest,West North Central,2011,55616
Nebraska,Midwest,West North Central,2010,52504
Nebraska,Midwest,West North Central,2009,49595
Nebraska,Midwest,West North Central,2008,50728
Nebraska,Midwest,West North Central,2007,49174
Nebraska,Midwest,West North Central,2006,48145
Nebraska,Midwest,West North Central,2005,47923
Nebraska,Midwest,West North Central,2004,43786
Nebraska,Midwest,West North Central,2003,43974
Nebraska,Midwest,West North Central,2002,42796
Nebraska,Midwest,West North Central,2001,43611
Nebraska,Midwest,West North Central,2000,41750
Nebraska,Midwest,West North Central,1999,38626
Nebraska,Midwest,West North Central,1998,36413
Nebraska,Midwest,West North Central,1997,34692
Nebraska,Midwest,West North Central,1996,34014
Nebraska,Midwest,West North Central,1995,32929
Nebraska,Midwest,West North Central,1994,31794
Nebraska,Midwest,West North Central,1993,31008
Nebraska,Midwest,West North Central,1992,30048
Nebraska,Midwest,West North Central,1991,29549
Nebraska,Midwest,West North Central,1990,27482
Nebraska,Midwest,West North Central,1989,26319
Nebraska,Midwest,West North Central,1988,25159
Nebraska,Midwest,West North Central,1987,23268
Nebraska,Midwest,West North Central,1986,21772
Nebraska,Midwest,West North Central,1985,21799
Nebraska,Midwest,West North Central,1984,21397
Nevada,West,Mountain,2014,49875
Nevada,West,Mountain,2013,51846
Nevada,West,Mountain,2012,47333
Nevada,West,Mountain,2011,47043
Nevada,West,Mountain,2010,51200
Nevada,West,Mountain,2009,51434
Nevada,West,Mountain,2008,54744
Nevada,West,Mountain,2007,54058
Nevada,West,Mountain,2006,52282
Nevada,West,Mountain,2005,48209
Nevada,West,Mountain,2004,47204
Nevada,West,Mountain,2003,45184
Nevada,West,Mountain,2002,44958
Nevada,West,Mountain,2001,45403
Nevada,West,Mountain,2000,45758
Nevada,West,Mountain,1999,41461
Nevada,West,Mountain,1998,39756
Nevada,West,Mountain,1997,38854
Nevada,West,Mountain,1996,38540
Nevada,West,Mountain,1995,36084
Nevada,West,Mountain,1994,35871
Nevada,West,Mountain,1993,35814
Nevada,West,Mountain,1992,31908
Nevada,West,Mountain,1991,32937
Nevada,West,Mountain,1990,32023
Nevada,West,Mountain,1989,29340
Nevada,West,Mountain,1988,27983
Nevada,West,Mountain,1987,26878
Nevada,West,Mountain,1986,26217
Nevada,West,Mountain,1985,23274
Nevada,West,Mountain,1984,25776
New Hampshire,Northeast,New England,2014,73397
New Hampshire,Northeast,New England,2013,69099
New Hampshire,Northeast,New England,2012,67819
New Hampshire,Northeast,New England,2011,65880
New Hampshire,Northeast,New England,2010,66633
New Hampshire,Northeast,New England,2009,64131
New Hampshire,Northeast,New England,2008,66176
New Hampshire,Northeast,New England,2007,67576
New Hampshire,Northeast,New England,2006,61970
New Hampshire,Northeast,New England,2005,56984
New Hampshire,Northeast,New England,2004,56815
New Hampshire,Northeast,New England,2003,55567
New Hampshire,Northeast,New England,2002,55321
New Hampshire,Northeast,New England,2001,51331
New Hampshire,Northeast,New England,2000,50926
New Hampshire,Northeast,New England,1999,46055
New Hampshire,Northeast,New England,1998,44958
New Hampshire,Northeast,New England,1997,40998
New Hampshire,Northeast,New England,1996,39407
New Hampshire,Northeast,New England,1995,39171
New Hampshire,Northeast,New England,1994,35245
New Hampshire,Northeast,New England,1993,37964
New Hampshire,Northeast,New England,1992,39436
New Hampshire,Northeast,New England,1991,36032
New Hampshire,Northeast,New England,1990,40805
New Hampshire,Northeast,New England,1989,37532
New Hampshire,Northeast,New England,1988,34625
New Hampshire,Northeast,New England,1987,32338
New Hampshire,Northeast,New England,1986,30548
New Hampshire,Northeast,New England,1985,26403
New Hampshire,Northeast,New England,1984,25914
New Jersey,Northeast,Mid-Atlantic,2014,65243
New Jersey,Northeast,Mid-Atlantic,2013,63754
New Jersey,Northeast,Mid-Atlantic,2012,66692
New Jersey,Northeast,Mid-Atlantic,2011,62338
New Jersey,Northeast,Mid-Atlantic,2010,62968
New Jersey,Northeast,Mid-Atlantic,2009,64777
New Jersey,Northeast,Mid-Atlantic,2008,65306
New Jersey,Northeast,Mid-Atlantic,2007,60508
New Jersey,Northeast,Mid-Atlantic,2006,68059
New Jersey,Northeast,Mid-Atlantic,2005,63368
New Jersey,Northeast,Mid-Atlantic,2004,55275
New Jersey,Northeast,Mid-Atlantic,2003,56045
New Jersey,Northeast,Mid-Atlantic,2002,54568
New Jersey,Northeast,Mid-Atlantic,2001,51771
New Jersey,Northeast,Mid-Atlantic,2000,50405
New Jersey,Northeast,Mid-Atlantic,1999,49734
New Jersey,Northeast,Mid-Atlantic,1998,49826
New Jersey,Northeast,Mid-Atlantic,1997,48021
New Jersey,Northeast,Mid-Atlantic,1996,47468
New Jersey,Northeast,Mid-Atlantic,1995,43924
New Jersey,Northeast,Mid-Atlantic,1994,42280
New Jersey,Northeast,Mid-Atlantic,1993,40500
New Jersey,Northeast,Mid-Atlantic,1992,39000
New Jersey,Northeast,Mid-Atlantic,1991,40049
New Jersey,Northeast,Mid-Atlantic,1990,38734
New Jersey,Northeast,Mid-Atlantic,1989,39120
New Jersey,Northeast,Mid-Atlantic,1988,36287
New Jersey,Northeast,Mid-Atlantic,1987,34241
New Jersey,Northeast,Mid-Atlantic,1986,31715
New Jersey,Northeast,Mid-Atlantic,1985,30980
New Jersey,Northeast,Mid-Atlantic,1984,27776
New Mexico,West,Mountain,2014,46686
New Mexico,West,Mountain,2013,40166
New Mexico,West,Mountain,2012,43424
New Mexico,West,Mountain,2011,41982
New Mexico,West,Mountain,2010,45134
New Mexico,West,Mountain,2009,43542
New Mexico,West,Mountain,2008,42102
New Mexico,West,Mountain,2007,44356
New Mexico,West,Mountain,2006,40028
New Mexico,West,Mountain,2005,38947
New Mexico,West,Mountain,2004,39562
New Mexico,West,Mountain,2003,35105
New Mexico,West,Mountain,2002,35457
New Mexico,West,Mountain,2001,33124
New Mexico,West,Mountain,2000,35093
New Mexico,West,Mountain,1999,32574
New Mexico,West,Mountain,1998,31543
New Mexico,West,Mountain,1997,30086
New Mexico,West,Mountain,1996,25086
New Mexico,West,Mountain,1995,25991
New Mexico,West,Mountain,1994,26905
New Mexico,West,Mountain,1993,26758
New Mexico,West,Mountain,1992,25860
New Mexico,West,Mountain,1991,26540
New Mexico,West,Mountain,1990,25039
New Mexico,West,Mountain,1989,22602
New Mexico,West,Mountain,1988,19296
New Mexico,West,Mountain,1987,20758
New Mexico,West,Mountain,1986,19845
New Mexico,West,Mountain,1985,20423
New Mexico,West,Mountain,1984,20630
New York,Northeast,Mid-Atlantic,2014,54310
New York,Northeast,Mid-Atlantic,2013,49966
New York,Northeast,Mid-Atlantic,2012,47680
New York,Northeast,Mid-Atlantic,2011,50636
New York,Northeast,Mid-Atlantic,2010,49781
New York,Northeast,Mid-Atlantic,2009,50216
New York,Northeast,Mid-Atlantic,2008,50461
New York,Northeast,Mid-Atlantic,2007,48944
New York,Northeast,Mid-Atlantic,2006,48222
New York,Northeast,Mid-Atlantic,2005,47176
New York,Northeast,Mid-Atlantic,2004,44649
New York,Northeast,Mid-Atlantic,2003,42788
New York,Northeast,Mid-Atlantic,2002,41966
New York,Northeast,Mid-Atlantic,2001,42114
New York,Northeast,Mid-Atlantic,2000,40744
New York,Northeast,Mid-Atlantic,1999,39989
New York,Northeast,Mid-Atlantic,1998,37394
New York,Northeast,Mid-Atlantic,1997,35798
New York,Northeast,Mid-Atlantic,1996,35410
New York,Northeast,Mid-Atlantic,1995,33028
New York,Northeast,Mid-Atlantic,1994,31899
New York,Northeast,Mid-Atlantic,1993,31697
New York,Northeast,Mid-Atlantic,1992,31051
New York,Northeast,Mid-Atlantic,1991,31794
New York,Northeast,Mid-Atlantic,1990,31591
New York,Northeast,Mid-Atlantic,1989,31496
New York,Northeast,Mid-Atlantic,1988,28915
New York,Northeast,Mid-Atlantic,1987,26384
New York,Northeast,Mid-Atlantic,1986,25025
New York,Northeast,Mid-Atlantic,1985,23639
New York,Northeast,Mid-Atlantic,1984,22027
North Carolina,South,South Atlantic,2014,46784
North Carolina,South,South Atlantic,2013,46337
North Carolina,South,South Atlantic,2012,41553
North Carolina,South,South Atlantic,2011,45206
North Carolina,South,South Atlantic,2010,43830
North Carolina,South,South Atlantic,2009,41906
North Carolina,South,South Atlantic,2008,42930
North Carolina,South,South Atlantic,2007,43513
North Carolina,South,South Atlantic,2006,39797
North Carolina,South,South Atlantic,2005,42056
North Carolina,South,South Atlantic,2004,40238
North Carolina,South,South Atlantic,2003,37279
North Carolina,South,South Atlantic,2002,36515
North Carolina,South,South Atlantic,2001,38162
North Carolina,South,South Atlantic,2000,38317
North Carolina,South,South Atlantic,1999,37254
North Carolina,South,South Atlantic,1998,35838
North Carolina,South,South Atlantic,1997,35840
North Carolina,South,South Atlantic,1996,35601
North Carolina,South,South Atlantic,1995,31979
North Carolina,South,South Atlantic,1994,30114
North Carolina,South,South Atlantic,1993,28820
North Carolina,South,South Atlantic,1992,27771
North Carolina,South,South Atlantic,1991,26853
North Carolina,South,South Atlantic,1990,26329
North Carolina,South,South Atlantic,1989,26406
North Carolina,South,South Atlantic,1988,24415
North Carolina,South,South Atlantic,1987,22760
North Carolina,South,South Atlantic,1986,21861
North Carolina,South,South Atlantic,1985,21451
North Carolina,South,South Atlantic,1984,20569
North Dakota,Midwest,West North Central,2014,60730
North Dakota,Midwest,West North Central,2013,59152
North Dakota,Midwest,West North Central,2012,55766
North Dakota,Midwest,West North Central,2011,56361
North Dakota,Midwest,West North Central,2010,51006
North Dakota,Midwest,West North Central,2009,50075
North Dakota,Midwest,West North Central,2008,49631
North Dakota,Midwest,West North Central,2007,47205
North Dakota,Midwest,West North Central,2006,41047
North Dakota,Midwest,West North Central,2005,42192
North Dakota,Midwest,West North Central,2004,39220
North Dakota,Midwest,West North Central,2003,40410
North Dakota,Midwest,West North Central,2002,36200
North Dakota,Midwest,West North Central,2001,35793
North Dakota,Midwest,West North Central,2000,35996
North Dakota,Midwest,West North Central,1999,32663
North Dakota,Midwest,West North Central,1998,30304
North Dakota,Midwest,West North Central,1997,31661
North Dakota,Midwest,West North Central,1996,31470
North Dakota,Midwest,West North Central,1995,29089
North Dakota,Midwest,West North Central,1994,28278
North Dakota,Midwest,West North Central,1993,28118
North Dakota,Midwest,West North Central,1992,26959
North Dakota,Midwest,West North Central,1991,25892
North Dakota,Midwest,West North Central,1990,25264
North Dakota,Midwest,West North Central,1989,25229
North Dakota,Midwest,West North Central,1988,24092
North Dakota,Midwest,West North Central,1987,22576
North Dakota,Midwest,West North Central,1986,21508
North Dakota,Midwest,West North Central,1985,21205
North Dakota,Midwest,West North Central,1984,20771
Ohio,Midwest, East North Central,2014,49644
Ohio,Midwest, East North Central,2013,50748
Ohio,Midwest, East North Central,2012,44375
Ohio,Midwest, East North Central,2011,44648
Ohio,Midwest, East North Central,2010,45886
Ohio,Midwest, East North Central,2009,45879
Ohio,Midwest, East North Central,2008,46934
Ohio,Midwest, East North Central,2007,49099
Ohio,Midwest, East North Central,2006,45900
Ohio,Midwest, East North Central,2005,44203
Ohio,Midwest, East North Central,2004,43055
Ohio,Midwest, East North Central,2003,43520
Ohio,Midwest, East North Central,2002,42684
Ohio,Midwest, East North Central,2001,41785
Ohio,Midwest, East North Central,2000,42962
Ohio,Midwest, East North Central,1999,39489
Ohio,Midwest, East North Central,1998,38925
Ohio,Midwest, East North Central,1997,36134
Ohio,Midwest, East North Central,1996,34070
Ohio,Midwest, East North Central,1995,34941
Ohio,Midwest, East North Central,1994,31855
Ohio,Midwest, East North Central,1993,31285
Ohio,Midwest, East North Central,1992,31404
Ohio,Midwest, East North Central,1991,29790
Ohio,Midwest, East North Central,1990,30013
Ohio,Midwest, East North Central,1989,29021
Ohio,Midwest, East North Central,1988,27740
Ohio,Midwest, East North Central,1987,25773
Ohio,Midwest, East North Central,1986,25115
Ohio,Midwest, East North Central,1985,25174
Ohio,Midwest, East North Central,1984,23123
Oklahoma,South,West South Central,2014,47199
Oklahoma,South,West South Central,2013,46162
Oklahoma,South,West South Central,2012,48407
Oklahoma,South,West South Central,2011,48455
Oklahoma,South,West South Central,2010,43103
Oklahoma,South,West South Central,2009,45878
Oklahoma,South,West South Central,2008,46111
Oklahoma,South,West South Central,2007,43216
Oklahoma,South,West South Central,2006,38838
Oklahoma,South,West South Central,2005,37645
Oklahoma,South,West South Central,2004,39614
Oklahoma,South,West South Central,2003,35902
Oklahoma,South,West South Central,2002,36458
Oklahoma,South,West South Central,2001,35609
Oklahoma,South,West South Central,2000,32432
Oklahoma,South,West South Central,1999,32683
Oklahoma,South,West South Central,1998,33727
Oklahoma,South,West South Central,1997,31351
Oklahoma,South,West South Central,1996,27437
Oklahoma,South,West South Central,1995,26311
Oklahoma,South,West South Central,1994,26991
Oklahoma,South,West South Central,1993,26260
Oklahoma,South,West South Central,1992,25284
Oklahoma,South,West South Central,1991,25462
Oklahoma,South,West South Central,1990,24384
Oklahoma,South,West South Central,1989,23667
Oklahoma,South,West South Central,1988,23667
Oklahoma,South,West South Central,1987,21691
Oklahoma,South,West South Central,1986,20948
Oklahoma,South,West South Central,1985,21205
Oklahoma,South,West South Central,1984,21148
Oregon,West,Pacific,2014,58875
Oregon,West,Pacific,2013,48999
Oregon,West,Pacific,2012,51775
Oregon,West,Pacific,2011,51526
Oregon,West,Pacific,2010,50602
Oregon,West,Pacific,2009,49098
Oregon,West,Pacific,2008,51727
Oregon,West,Pacific,2007,50236
Oregon,West,Pacific,2006,47091
Oregon,West,Pacific,2005,44159
Oregon,West,Pacific,2004,40994
Oregon,West,Pacific,2003,41638
Oregon,West,Pacific,2002,41802
Oregon,West,Pacific,2001,41273
Oregon,West,Pacific,2000,42499
Oregon,West,Pacific,1999,40619
Oregon,West,Pacific,1998,39067
Oregon,West,Pacific,1997,37247
Oregon,West,Pacific,1996,35492
Oregon,West,Pacific,1995,36374
Oregon,West,Pacific,1994,31456
Oregon,West,Pacific,1993,33138
Oregon,West,Pacific,1992,31927
Oregon,West,Pacific,1991,30190
Oregon,West,Pacific,1990,29281
Oregon,West,Pacific,1989,28529
Oregon,West,Pacific,1988,27748
Oregon,West,Pacific,1987,25038
Oregon,West,Pacific,1986,24773
Oregon,West,Pacific,1985,21894
Oregon,West,Pacific,1984,21399
Pennsylvania,Northeast,Mid-Atlantic,2014,55173
Pennsylvania,Northeast,Mid-Atlantic,2013,55156
Pennsylvania,Northeast,Mid-Atlantic,2012,51904
Pennsylvania,Northeast,Mid-Atlantic,2011,49910
Pennsylvania,Northeast,Mid-Atlantic,2010,48314
Pennsylvania,Northeast,Mid-Atlantic,2009,48172
Pennsylvania,Northeast,Mid-Atlantic,2008,51402
Pennsylvania,Northeast,Mid-Atlantic,2007,48437
Pennsylvania,Northeast,Mid-Atlantic,2006,48477
Pennsylvania,Northeast,Mid-Atlantic,2005,46300
Pennsylvania,Northeast,Mid-Atlantic,2004,44106
Pennsylvania,Northeast,Mid-Atlantic,2003,42933
Pennsylvania,Northeast,Mid-Atlantic,2002,42498
Pennsylvania,Northeast,Mid-Atlantic,2001,43499
Pennsylvania,Northeast,Mid-Atlantic,2000,42176
Pennsylvania,Northeast,Mid-Atlantic,1999,37758
Pennsylvania,Northeast,Mid-Atlantic,1998,39015
Pennsylvania,Northeast,Mid-Atlantic,1997,37517
Pennsylvania,Northeast,Mid-Atlantic,1996,34899
Pennsylvania,Northeast,Mid-Atlantic,1995,34524
Pennsylvania,Northeast,Mid-Atlantic,1994,32066
Pennsylvania,Northeast,Mid-Atlantic,1993,30995
Pennsylvania,Northeast,Mid-Atlantic,1992,29882
Pennsylvania,Northeast,Mid-Atlantic,1991,30367
Pennsylvania,Northeast,Mid-Atlantic,1990,29005
Pennsylvania,Northeast,Mid-Atlantic,1989,28690
Pennsylvania,Northeast,Mid-Atlantic,1988,26742
Pennsylvania,Northeast,Mid-Atlantic,1987,25424
Pennsylvania,Northeast,Mid-Atlantic,1986,23807
Pennsylvania,Northeast,Mid-Atlantic,1985,22877
Pennsylvania,Northeast,Mid-Atlantic,1984,20346
Rhode Island,Northeast,New England,2014,58633
Rhode Island,Northeast,New England,2013,56323
Rhode Island,Northeast,New England,2012,56065
Rhode Island,Northeast,New England,2011,49033
Rhode Island,Northeast,New England,2010,51623
Rhode Island,Northeast,New England,2009,51634
Rhode Island,Northeast,New England,2008,53241
Rhode Island,Northeast,New England,2007,54210
Rhode Island,Northeast,New England,2006,53736
Rhode Island,Northeast,New England,2005,49484
Rhode Island,Northeast,New England,2004,47935
Rhode Island,Northeast,New England,2003,44711
Rhode Island,Northeast,New England,2002,42417
Rhode Island,Northeast,New England,2001,45723
Rhode Island,Northeast,New England,2000,42197
Rhode Island,Northeast,New England,1999,42719
Rhode Island,Northeast,New England,1998,40686
Rhode Island,Northeast,New England,1997,34797
Rhode Island,Northeast,New England,1996,36986
Rhode Island,Northeast,New England,1995,35359
Rhode Island,Northeast,New England,1994,31928
Rhode Island,Northeast,New England,1993,33509
Rhode Island,Northeast,New England,1992,30432
Rhode Island,Northeast,New England,1991,30836
Rhode Island,Northeast,New England,1990,31968
Rhode Island,Northeast,New England,1989,30124
Rhode Island,Northeast,New England,1988,29842
Rhode Island,Northeast,New England,1987,28292
Rhode Island,Northeast,New England,1986,26540
Rhode Island,Northeast,New England,1985,24625
Rhode Island,Northeast,New England,1984,21612
South Carolina,South,South Atlantic,2014,44929
South Carolina,South,South Atlantic,2013,43563
South Carolina,South,South Atlantic,2012,44401
South Carolina,South,South Atlantic,2011,40084
South Carolina,South,South Atlantic,2010,41698
South Carolina,South,South Atlantic,2009,41101
South Carolina,South,South Atlantic,2008,42155
South Carolina,South,South Atlantic,2007,44213
South Carolina,South,South Atlantic,2006,39617
South Carolina,South,South Atlantic,2005,40230
South Carolina,South,South Atlantic,2004,38691
South Carolina,South,South Atlantic,2003,38479
South Carolina,South,South Atlantic,2002,37812
South Carolina,South,South Atlantic,2001,37736
South Carolina,South,South Atlantic,2000,37570
South Carolina,South,South Atlantic,1999,36462
South Carolina,South,South Atlantic,1998,33267
South Carolina,South,South Atlantic,1997,34262
South Carolina,South,South Atlantic,1996,34665
South Carolina,South,South Atlantic,1995,29071
South Carolina,South,South Atlantic,1994,29846
South Carolina,South,South Atlantic,1993,26053
South Carolina,South,South Atlantic,1992,27578
South Carolina,South,South Atlantic,1991,27463
South Carolina,South,South Atlantic,1990,28735
South Carolina,South,South Atlantic,1989,23798
South Carolina,South,South Atlantic,1988,25533
South Carolina,South,South Atlantic,1987,25049
South Carolina,South,South Atlantic,1986,21968
South Carolina,South,South Atlantic,1985,20036
South Carolina,South,South Atlantic,1984,20309
South Dakota,Midwest,West North Central,2014,53053
South Dakota,Midwest,West North Central,2013,53413
South Dakota,Midwest,West North Central,2012,49415
South Dakota,Midwest,West North Central,2011,47223
South Dakota,Midwest,West North Central,2010,45352
South Dakota,Midwest,West North Central,2009,45826
South Dakota,Midwest,West North Central,2008,51600
South Dakota,Midwest,West North Central,2007,46418
South Dakota,Midwest,West North Central,2006,45427
South Dakota,Midwest,West North Central,2005,43151
South Dakota,Midwest,West North Central,2004,41107
South Dakota,Midwest,West North Central,2003,39522
South Dakota,Midwest,West North Central,2002,37873
South Dakota,Midwest,West North Central,2001,39671
South Dakota,Midwest,West North Central,2000,36475
South Dakota,Midwest,West North Central,1999,35828
South Dakota,Midwest,West North Central,1998,32786
South Dakota,Midwest,West North Central,1997,29694
South Dakota,Midwest,West North Central,1996,29526
South Dakota,Midwest,West North Central,1995,29578
South Dakota,Midwest,West North Central,1994,29733
South Dakota,Midwest,West North Central,1993,27737
South Dakota,Midwest,West North Central,1992,26259
South Dakota,Midwest,West North Central,1991,24639
South Dakota,Midwest,West North Central,1990,24571
South Dakota,Midwest,West North Central,1989,24108
South Dakota,Midwest,West North Central,1988,22294
South Dakota,Midwest,West North Central,1987,21151
South Dakota,Midwest,West North Central,1986,19898
South Dakota,Midwest,West North Central,1985,18142
South Dakota,Midwest,West North Central,1984,19409
Tennessee,South,East South Central,2014,43716
Tennessee,South,East South Central,2013,43361
Tennessee,South,East South Central,2012,42995
Tennessee,South,East South Central,2011,42279
Tennessee,South,East South Central,2010,38591
Tennessee,South,East South Central,2009,40517
Tennessee,South,East South Central,2008,39702
Tennessee,South,East South Central,2007,41195
Tennessee,South,East South Central,2006,40693
Tennessee,South,East South Central,2005,39406
Tennessee,South,East South Central,2004,38072
Tennessee,South,East South Central,2003,37523
Tennessee,South,East South Central,2002,37030
Tennessee,South,East South Central,2001,35783
Tennessee,South,East South Central,2000,34096
Tennessee,South,East South Central,1999,36522
Tennessee,South,East South Central,1998,34091
Tennessee,South,East South Central,1997,30636
Tennessee,South,East South Central,1996,30790
Tennessee,South,East South Central,1995,29015
Tennessee,South,East South Central,1994,28639
Tennessee,South,East South Central,1993,25102
Tennessee,South,East South Central,1992,24318
Tennessee,South,East South Central,1991,24453
Tennessee,South,East South Central,1990,22592
Tennessee,South,East South Central,1989,22611
Tennessee,South,East South Central,1988,20856
Tennessee,South,East South Central,1987,21179
Tennessee,South,East South Central,1986,18256
Tennessee,South,East South Central,1985,17778
Tennessee,South,East South Central,1984,16782
Texas,South,West South Central,2014,53875
Texas,South,West South Central,2013,51406
Texas,South,West South Central,2012,51926
Texas,South,West South Central,2011,49047
Texas,South,West South Central,2010,47266
Texas,South,West South Central,2009,47475
Texas,South,West South Central,2008,46490
Texas,South,West South Central,2007,46053
Texas,South,West South Central,2006,43307
Texas,South,West South Central,2005,41422
Texas,South,West South Central,2004,41397
Texas,South,West South Central,2003,39271
Texas,South,West South Central,2002,40149
Texas,South,West South Central,2001,40860
Texas,South,West South Central,2000,38609
Texas,South,West South Central,1999,38688
Texas,South,West South Central,1998,35783
Texas,South,West South Central,1997,35075
Texas,South,West South Central,1996,33072
Texas,South,West South Central,1995,32039
Texas,South,West South Central,1994,30755
Texas,South,West South Central,1993,28727
Texas,South,West South Central,1992,27953
Texas,South,West South Central,1991,27733
Texas,South,West South Central,1990,28228
Texas,South,West South Central,1989,25886
Texas,South,West South Central,1988,24963
Texas,South,West South Central,1987,24721
Texas,South,West South Central,1986,24162
Texas,South,West South Central,1985,23743
Texas,South,West South Central,1984,23024
Utah,West,Mountain,2014,63383
Utah,West,Mountain,2013,61047
Utah,West,Mountain,2012,58341
Utah,West,Mountain,2011,55493
Utah,West,Mountain,2010,56701
Utah,West,Mountain,2009,58491
Utah,West,Mountain,2008,62537
Utah,West,Mountain,2007,53529
Utah,West,Mountain,2006,54628
Utah,West,Mountain,2005,54813
Utah,West,Mountain,2004,50871
Utah,West,Mountain,2003,49275
Utah,West,Mountain,2002,47861
Utah,West,Mountain,2001,47342
Utah,West,Mountain,2000,47550
Utah,West,Mountain,1999,46050
Utah,West,Mountain,1998,44299
Utah,West,Mountain,1997,42775
Utah,West,Mountain,1996,37038
Utah,West,Mountain,1995,36480
Utah,West,Mountain,1994,35716
Utah,West,Mountain,1993,35786
Utah,West,Mountain,1992,34251
Utah,West,Mountain,1991,28016
Utah,West,Mountain,1990,30142
Utah,West,Mountain,1989,30717
Utah,West,Mountain,1988,26313
Utah,West,Mountain,1987,26529
Utah,West,Mountain,1986,26281
Utah,West,Mountain,1985,25238
Utah,West,Mountain,1984,23057
Vermont,Northeast,New England,2014,60708
Vermont,Northeast,New England,2013,65513
Vermont,Northeast,New England,2012,55582
Vermont,Northeast,New England,2011,51862
Vermont,Northeast,New England,2010,55928
Vermont,Northeast,New England,2009,52318
Vermont,Northeast,New England,2008,50706
Vermont,Northeast,New England,2007,47390
Vermont,Northeast,New England,2006,51981
Vermont,Northeast,New England,2005,50704
Vermont,Northeast,New England,2004,47329
Vermont,Northeast,New England,2003,43261
Vermont,Northeast,New England,2002,42999
Vermont,Northeast,New England,2001,40794
Vermont,Northeast,New England,2000,39594
Vermont,Northeast,New England,1999,41584
Vermont,Northeast,New England,1998,39372
Vermont,Northeast,New England,1997,35053
Vermont,Northeast,New England,1996,32358
Vermont,Northeast,New England,1995,33824
Vermont,Northeast,New England,1994,35802
Vermont,Northeast,New England,1993,31065
Vermont,Northeast,New England,1992,32755
Vermont,Northeast,New England,1991,29155
Vermont,Northeast,New England,1990,31098
Vermont,Northeast,New England,1989,31295
Vermont,Northeast,New England,1988,28988
Vermont,Northeast,New England,1987,25415
Vermont,Northeast,New England,1986,24599
Vermont,Northeast,New England,1985,26000
Vermont,Northeast,New England,1984,22578
Virginia,South,South Atlantic,2014,66155
Virginia,South,South Atlantic,2013,65907
Virginia,South,South Atlantic,2012,64632
Virginia,South,South Atlantic,2011,62616
Virginia,South,South Atlantic,2010,60367
Virginia,South,South Atlantic,2009,60501
Virginia,South,South Atlantic,2008,61985
Virginia,South,South Atlantic,2007,59161
Virginia,South,South Atlantic,2006,57119
Virginia,South,South Atlantic,2005,51914
Virginia,South,South Atlantic,2004,51141
Virginia,South,South Atlantic,2003,54783
Virginia,South,South Atlantic,2002,49631
Virginia,South,South Atlantic,2001,50241
Virginia,South,South Atlantic,2000,47163
Virginia,South,South Atlantic,1999,45693
Virginia,South,South Atlantic,1998,43354
Virginia,South,South Atlantic,1997,42957
Virginia,South,South Atlantic,1996,39211
Virginia,South,South Atlantic,1995,36222
Virginia,South,South Atlantic,1994,37647
Virginia,South,South Atlantic,1993,36433
Virginia,South,South Atlantic,1992,38198
Virginia,South,South Atlantic,1991,36137
Virginia,South,South Atlantic,1990,35073
Virginia,South,South Atlantic,1989,34118
Virginia,South,South Atlantic,1988,32648
Virginia,South,South Atlantic,1987,29996
Virginia,South,South Atlantic,1986,29715
Virginia,South,South Atlantic,1985,28429
Virginia,South,South Atlantic,1984,26525
Washington,West,Pacific,2014,59068
Washington,West,Pacific,2013,63922
Washington,West,Pacific,2012,62187
Washington,West,Pacific,2011,56850
Washington,West,Pacific,2010,56163
Washington,West,Pacific,2009,60392
Washington,West,Pacific,2008,56631
Washington,West,Pacific,2007,58080
Washington,West,Pacific,2006,54723
Washington,West,Pacific,2005,50646
Washington,West,Pacific,2004,49922
Washington,West,Pacific,2003,47508
Washington,West,Pacific,2002,45183
Washington,West,Pacific,2001,42490
Washington,West,Pacific,2000,42525
Washington,West,Pacific,1999,45473
Washington,West,Pacific,1998,47421
Washington,West,Pacific,1997,44562
Washington,West,Pacific,1996,36676
Washington,West,Pacific,1995,35568
Washington,West,Pacific,1994,33533
Washington,West,Pacific,1993,35655
Washington,West,Pacific,1992,33900
Washington,West,Pacific,1991,33970
Washington,West,Pacific,1990,32112
Washington,West,Pacific,1989,31961
Washington,West,Pacific,1988,32327
Washington,West,Pacific,1987,27319
Washington,West,Pacific,1986,26881
Washington,West,Pacific,1985,24000
Washington,West,Pacific,1984,25017
West Virginia,South,South Atlantic,2014,39552
West Virginia,South,South Atlantic,2013,43069
West Virginia,South,South Atlantic,2012,43553
West Virginia,South,South Atlantic,2011,41821
West Virginia,South,South Atlantic,2010,42777
West Virginia,South,South Atlantic,2009,40490
West Virginia,South,South Atlantic,2008,37994
West Virginia,South,South Atlantic,2007,42091
West Virginia,South,South Atlantic,2006,38419
West Virginia,South,South Atlantic,2005,36445
West Virginia,South,South Atlantic,2004,33373
West Virginia,South,South Atlantic,2003,32763
West Virginia,South,South Atlantic,2002,29359
West Virginia,South,South Atlantic,2001,29673
West Virginia,South,South Atlantic,2000,29411
West Virginia,South,South Atlantic,1999,29297
West Virginia,South,South Atlantic,1998,26704
West Virginia,South,South Atlantic,1997,27488
West Virginia,South,South Atlantic,1996,25247
West Virginia,South,South Atlantic,1995,24880
West Virginia,South,South Atlantic,1994,23564
West Virginia,South,South Atlantic,1993,22421
West Virginia,South,South Atlantic,1992,20271
West Virginia,South,South Atlantic,1991,23147
West Virginia,South,South Atlantic,1990,22137
West Virginia,South,South Atlantic,1989,21677
West Virginia,South,South Atlantic,1988,19353
West Virginia,South,South Atlantic,1987,17207
West Virginia,South,South Atlantic,1986,16464
West Virginia,South,South Atlantic,1985,15983
West Virginia,South,South Atlantic,1984,16843
Wisconsin,Midwest, East North Central,2014,58080
Wisconsin,Midwest, East North Central,2013,51726
Wisconsin,Midwest, East North Central,2012,53079
Wisconsin,Midwest, East North Central,2011,52058
Wisconsin,Midwest, East North Central,2010,50351
Wisconsin,Midwest, East North Central,2009,51237
Wisconsin,Midwest, East North Central,2008,51200
Wisconsin,Midwest, East North Central,2007,51277
Wisconsin,Midwest, East North Central,2006,51692
Wisconsin,Midwest, East North Central,2005,44650
Wisconsin,Midwest, East North Central,2004,45732
Wisconsin,Midwest, East North Central,2003,46269
Wisconsin,Midwest, East North Central,2002,45903
Wisconsin,Midwest, East North Central,2001,45346
Wisconsin,Midwest, East North Central,2000,45088
Wisconsin,Midwest, East North Central,1999,45667
Wisconsin,Midwest, East North Central,1998,41327
Wisconsin,Midwest, East North Central,1997,39595
Wisconsin,Midwest, East North Central,1996,40001
Wisconsin,Midwest, East North Central,1995,40955
Wisconsin,Midwest, East North Central,1994,35388
Wisconsin,Midwest, East North Central,1993,31766
Wisconsin,Midwest, East North Central,1992,33308
Wisconsin,Midwest, East North Central,1991,31133
Wisconsin,Midwest, East North Central,1990,30711
Wisconsin,Midwest, East North Central,1989,29123
Wisconsin,Midwest, East North Central,1988,29575
Wisconsin,Midwest, East North Central,1987,26369
Wisconsin,Midwest, East North Central,1986,26430
Wisconsin,Midwest, East North Central,1985,23246
Wisconsin,Midwest, East North Central,1984,20743
Wyoming,West,Mountain,2014,55690
Wyoming,West,Mountain,2013,67441
Wyoming,West,Mountain,2012,57512
Wyoming,West,Mountain,2011,54509
Wyoming,West,Mountain,2010,52201
Wyoming,West,Mountain,2009,52470
Wyoming,West,Mountain,2008,53337
Wyoming,West,Mountain,2007,48744
Wyoming,West,Mountain,2006,47041
Wyoming,West,Mountain,2005,44718
Wyoming,West,Mountain,2004,45397
Wyoming,West,Mountain,2003,42555
Wyoming,West,Mountain,2002,39763
Wyoming,West,Mountain,2001,39719
Wyoming,West,Mountain,2000,39629
Wyoming,West,Mountain,1999,37248
Wyoming,West,Mountain,1998,35250
Wyoming,West,Mountain,1997,33423
Wyoming,West,Mountain,1996,30953
Wyoming,West,Mountain,1995,31529
Wyoming,West,Mountain,1994,33140
Wyoming,West,Mountain,1993,29442
Wyoming,West,Mountain,1992,30209
Wyoming,West,Mountain,1991,29050
Wyoming,West,Mountain,1990,29460
Wyoming,West,Mountain,1989,29521
Wyoming,West,Mountain,1988,26419
Wyoming,West,Mountain,1987,27590
Wyoming,West,Mountain,1986,23559
Wyoming,West,Mountain,1985,22081
Wyoming,West,Mountain,1984,23816